<?xml version="1.0" encoding="UTF-8"?>
<mappings xmlns="http://dozermapper.github.io/schema/bean-mapping"
          xmlns:xsi="http://www.w3.org/2001/XMLSchema-instance"
          xsi:schemaLocation="http://dozermapper.github.io/schema/bean-mapping http://dozermapper.github.io/schema/bean-mapping.xsd">
    <mapping stop-on-errors="true">
        <class-a>com.javaetmoi.benchmark.mapping.model.entity.Order</class-a>
        <class-b>com.javaetmoi.benchmark.mapping.model.dto.OrderDTO</class-b>
        <field>
            <a>customer.name</a>
            <b>customerName</b>
        </field>
        <field>
            <a>customer.billingAddress.street</a>
            <b>billingStreetAddress</b>
        </field>
        <field>
            <a>customer.billingAddress.city</a>
            <b>billingCity</b>
        </field>
        <field>
            <a>customer.shippingAddress.street</a>
            <b>shippingStreetAddress</b>
        </field>
        <field>
            <a>customer.shippingAddress.city</a>
            <b>shippingCity</b>
        </field>
    </mapping>
</mappings>
